[
  {
    "name" : "SS Complex",
    "address" : "Point Pedro",
    "key":"ss_complex",
    "screen":[
      {
        "name":"Sharu",
        "key": "sharu_ss_complex",
        "seats":[
          ["s", "s", "s", "s", "p", "s", "s" "s", "s", "s", "s", "s", "s", "s", "s", "s"],
          ["s", "s", "s", "s", "p", "s", "s" "s", "s", "s", "s", "s", "s", "s", "s", "s"],
          ["s", "s", "s", "s", "p", "s", "s" "s", "s", "s", "s", "s", "s", "s", "s", "s"],
          ["s", "s", "s", "s", "p", "s", "s" "s", "s", "s", "s", "s", "s", "s", "s", "s"],
          ["s", "s", "s", "s", "p", "s", "s" "s", "s", "s", "s", "s", "s", "s", "s", "s"],
          ["s", "s", "s", "s", "p", "s", "s" "s", "s", "s", "s", "s", "s", "s", "s", "s"],
          ["s", "s", "s", "s", "p", "s", "s" "s", "s", "s", "s", "s", "s", "s", "s", "s"],
          ["s", "s", "s", "s", "p", "s", "s" "s", "s", "s", "s", "s", "s", "s", "s", "s"],
          ["s", "s", "s", "s", "p", "s", "s" "s", "s", "s", "s", "s", "s", "s", "s", "s"],
          ["s", "s", "s", "s", "p", "s", "s" "s", "s", "s", "s", "s", "s", "s", "s", "s"],
          ["s", "s", "s", "s", "p", "s", "s" "s", "s", "s", "s", "s", "s", "s", "s", "s"],
          ["s", "s", "s", "s", "p", "s", "s" "s", "s", "s", "s", "s", "s", "s", "s", "s"],
          ["s", "s", "s", "s", "p", "s", "s" "s", "s", "s", "s", "s", "s", "s", "s", "s"],
          ["s", "s", "s", "s", "p", "s", "s" "s", "s", "s", "s", "s", "s", "s", "s", "s"],
          ["s", "s", "s", "s", "p", "s", "s" "s", "s", "s", "s", "s", "s", "s", "s", "s"],
        ]
      },
      {
        "name":"Shalu",
        "key": "shalu_ss_complex",
        "seats":[
          ["s", "s", "s", "s", "p", "s", "s" "s", "s", "s", "s", "s", "s", "s", "s", "s"],
          ["s", "s", "s", "s", "p", "s", "s" "s", "s", "s", "s", "s", "s", "s", "s", "s"],
          ["s", "s", "s", "s", "p", "s", "s" "s", "s", "s", "s", "s", "s", "s", "s", "s"],
          ["s", "s", "s", "s", "p", "s", "s" "s", "s", "s", "s", "s", "s", "s", "s", "s"],
          ["s", "s", "s", "s", "p", "s", "s" "s", "s", "s", "s", "s", "s", "s", "s", "s"],
          ["s", "s", "s", "s", "p", "s", "s" "s", "s", "s", "s", "s", "s", "s", "s", "s"],
          ["s", "s", "s", "s", "p", "s", "s" "s", "s", "s", "s", "s", "s", "s", "s", "s"],
          ["s", "s", "s", "s", "p", "s", "s" "s", "s", "s", "s", "s", "s", "s", "s", "s"],
          ["s", "s", "s", "s", "p", "s", "s" "s", "s", "s", "s", "s", "s", "s", "s", "s"],
          ["s", "s", "s", "s", "p", "s", "s" "s", "s", "s", "s", "s", "s", "s", "s", "s"],
          ["s", "s", "s", "s", "p", "s", "s" "s", "s", "s", "s", "s", "s", "s", "s", "s"],
          ["s", "s", "s", "s", "p", "s", "s" "s", "s", "s", "s", "s", "s", "s", "s", "s"],
          ["s", "s", "s", "s", "p", "s", "s" "s", "s", "s", "s", "s", "s", "s", "s", "s"],

        ]
      }
    ]
  },
  {

  }

  {
    "name" : "Majestic",
    "address" : "Jaffna",
    "key":"majestic",
    "screen":[
      {
        "name":"Platinum",
        "key": "platinum_majestic",
        "seats":[
          ["s", "s", "s", "s", "s", "s" "s", "s", "s", "p", "s", "s", "s", "s", "s", "s", "n", "n", "n", "n", "n"],
          ["s", "s", "s", "s", "s", "s" "s", "s", "s", "p", "s", "s", "s", "s", "s", "s", "s", "s", "s", "s", "s"],
          ["s", "s", "s", "s", "s", "s" "s", "s", "s", "p", "s", "s", "s", "s", "s", "s", "s", "s", "s", "s", "s"],
          ["s", "s", "s", "s", "s", "s" "s", "s", "s", "p", "s", "s", "s", "s", "s", "s", "s", "s", "s", "s", "s"],
          ["s", "s", "s", "s", "s", "s" "s", "s", "s", "p", "s", "s", "s", "s", "s", "s", "s", "s", "s", "s", "s"],
          ["s", "s", "s", "s", "s", "s" "s", "s", "s", "p", "s", "s", "s", "s", "s", "s", "s", "s", "s", "s", "s"],
          ["n", "n", "s", "s", "s", "s" "s", "s", "s", "p", "s", "s", "s", "s", "s", "s", "s", "s", "s", "n", "n"],

        ]
      },
      {
        "name":"Bronze",
        "key": "bronze_majestic",
        "seats":[
          ["s", "s", "s", "s", "p", "s", "s" "s", "s", "s", "s", "s", "s", "s", "s", "s"],
          ["s", "s", "s", "s", "p", "s", "s" "s", "s", "s", "s", "s", "s", "s", "s", "s"],
          ["s", "s", "s", "s", "p", "s", "s" "s", "s", "s", "s", "s", "s", "s", "s", "s"],
          ["s", "s", "s", "s", "p", "s", "s" "s", "s", "s", "s", "s", "s", "s", "s", "s"],
          ["s", "s", "s", "s", "p", "s", "s" "s", "s", "s", "s", "s", "s", "s", "s", "s"],
          ["s", "s", "s", "s", "p", "s", "s" "s", "s", "s", "s", "s", "s", "s", "s", "s"],
          ["s", "s", "s", "s", "p", "s", "s" "s", "s", "s", "s", "s", "s", "s", "s", "s"],
          ["s", "s", "s", "s", "p", "s", "s" "s", "s", "s", "s", "s", "s", "s", "s", "s"],
          ["s", "s", "s", "s", "p", "s", "s" "s", "s", "s", "s", "s", "s", "s", "s", "s"],
          ["s", "s", "s", "s", "p", "s", "s" "s", "s", "s", "s", "s", "s", "s", "s", "s"],
          ["s", "s", "s", "s", "p", "s", "s" "s", "s", "s", "s", "s", "s", "s", "s", "s"],
          ["s", "s", "s", "s", "p", "s", "s" "s", "s", "s", "s", "s", "s", "s", "s", "s"],
          ["s", "s", "s", "s", "p", "s", "s" "s", "s", "s", "s", "s", "s", "s", "s", "s"],

        ]
      },
      {
        "name":"Silver",
        "key": "silver_majestic",
        "seats":[
          ["s", "s", "s", "s", "s", "s" "s", "s", "s", "p", "s", "s", "s", "s", "s", "s", "n", "n", "n", "n", "n"],
          ["s", "s", "s", "s", "s", "s" "s", "s", "s", "p", "s", "s", "s", "s", "s", "s", "s", "s", "s", "s", "s"],
          ["s", "s", "s", "s", "s", "s" "s", "s", "s", "p", "s", "s", "s", "s", "s", "s", "s", "s", "s", "s", "s"],
          ["s", "s", "s", "s", "s", "s" "s", "s", "s", "p", "s", "s", "s", "s", "s", "s", "s", "s", "s", "s", "s"],
          ["s", "s", "s", "s", "s", "s" "s", "s", "s", "p", "s", "s", "s", "s", "s", "s", "s", "s", "s", "s", "s"],
          ["s", "s", "s", "s", "s", "s" "s", "s", "s", "p", "s", "s", "s", "s", "s", "s", "s", "s", "s", "s", "s"],
          ["s", "s", "s", "s", "s", "s" "s", "s", "s", "p", "s", "s", "s", "s", "s", "s", "s", "s", "s", "s", "s"],
          ["s", "s", "s", "s", "s", "s" "s", "s", "s", "p", "s", "s", "s", "s", "s", "s", "s", "s", "s", "s", "s"],
          ["s", "s", "s", "s", "s", "s" "s", "s", "s", "p", "s", "s", "s", "s", "s", "s", "s", "s", "s", "s", "s"],
          ["n", "n", "s", "s", "s", "s" "s", "s", "s", "p", "s", "s", "s", "s", "s", "s", "s", "s", "s", "n", "n"],

        ]
      }
    ]
  },
  {

  }
]
